subject_id, task_round, task_class, task_index, mouse_distance, mouse_click, keyboard_press, success, start_time, end_time, duration, prompt
9,0,0,0,6282,30,28,1,1678630543.78,1678630616.015,72.235,
9,0,0,1,9917,18,48,1,1678630674.883,1678630737.64,62.757,
9,0,0,2,4208,13,1,1,1678630785.045,1678630821.395,36.35,
9,0,0,3,9320,8,0,1,1678630854.373,1678630887.9,33.527,
9,0,0,4,12359,14,14,1,1678630907.666,1678630954.655,46.989,
9,0,0,5,7232,9,4,1,1678630966.583,1678630997.888,31.305,
9,0,1,0,9232,42,65,1,1678631044.801,1678631133.584,88.783,
9,0,1,1,7846,10,4,1,1678631148.277,1678631180.943,32.666,
9,0,1,2,10712,24,20,1,1678631199.436,1678631252.944,53.508,
9,0,1,3,15331,74,84,1,1678631262.096,1678631380.678,118.582,
9,0,1,4,2106,21,81,1,1678631403.728,1678631442.127,38.399,
9,0,1,5,3498,14,36,1,1678631472.839,1678631523.138,50.299,
9,1,0,0,1744,2,102,0,1678631909.315,1678631954.952,45.637,新建“旅行照片”文件夹
9,1,0,0,1624,3,124,1,1678632021.854,1678632079.109,57.255,创建“旅行照片”文件夹，把3月8日创建的文件复制到里面
9,1,0,1,831,0,155,1,1678632091.023,1678632150.295,59.272,将“分享.jpg”的文件使用邮件发送给,fakename@fakename.com，邮件名为“共享照片”
9,1,0,2,1116,0,60,1,1678632188.999,1678632217.642,28.643,换一张“山峰壁纸”
9,1,0,3,1929,2,103,1,1678632221.815,1678632262.08,40.265,分屏显示safari和提醒事项；开启专注模式
9,1,0,4,1750,1,59,1,1678632267.742,1678632289.735,21.993,截图全屏，投送出去
9,1,0,5,0,0,81,1,1678632292.395,1678632318.326,25.931,复制最近一个日程的位置到备忘录
9,1,1,0,1196,0,98,1,1678632377.904,1678632410.121,32.217,制作一张带有标题 账户 密码 登录 组件的 登录页面
9,1,1,1,1167,1,19,1,1678632424.52,1678632445.243,20.723,填充海洋
9,1,1,2,2059,1,95,1,1678632452.351,1678632487.827,35.476,制作4*4圆形矩阵，直径为16px 间距为8px
9,1,1,3,1805,1,45,1,1678632506.443,1678632519.553,13.11,替换全部字体为roboto
9,1,1,4,1607,1,89,1,1678632522.62,1678632542.194,19.574,为姓名 替换真实名字
9,1,1,5,2535,3,40,1,1678632561.331,1678632583.549,22.218,将图片的图层按尺寸命名
8,0,0,0,4997,16,26,1,1678669400.633,1678669428.59,27.957,
8,0,0,1,5352,5,0,0,1678669457.554,1678669477.844,20.29,
8,0,0,1,9998,16,93,1,1678669479.993,1678669543.597,63.604,
8,0,0,2,12789,14,18,1,1678669552.096,1678669585.361,33.265,
8,0,0,3,10917,12,0,1,1678669596.695,1678669633.403,36.708,
8,0,0,4,0,0,0,1,1678669672.78,1678669675.393,2.613,
8,0,0,5,13797,8,4,1,1678669688.48,1678669730.579,42.099,
8,0,1,0,31228,97,124,1,1678669796.812,1678669954.702,157.89,
8,0,1,1,9750,11,13,1,1678669967.654,1678669991.107,23.453,
8,0,1,2,7257,12,13,1,1678670028.278,1678670062.919,34.641,
8,0,1,3,8694,17,18,1,1678670080.934,1678670127.71,46.776,
8,0,1,4,3086,13,69,1,1678670161.338,1678670192.051,30.713,
8,0,1,5,1102,12,33,1,1678670227.345,1678670262.161,34.816,
8,1,0,0,0,0,126,1,1678670495.646,1678670535.694,40.048,帮我把文件夹中所有3月8日创建的照片复制到一个名为“旅行照片”的新文件夹
8,1,0,1,1238,1,116,1,1678670618.856,1678670672.331,53.475,把“分享”照片发到fakename@fakemail.com的邮箱，标题为为共享照片
8,1,0,2,875,0,85,1,1678670678.245,1678670700.436,22.191,帮我设置一张山峰的桌面壁纸
8,1,0,3,0,0,70,1,1678670708.117,1678670735.662,27.545,给我分屏打开safari和提醒再开启工作模式
8,1,0,4,0,0,59,1,1678670744.423,1678670763.293,18.87,截全屏分享到我的手机
8,1,0,5,1180,0,58,1,1678670772.799,1678670792.755,19.956,将下一个日程的地理信息复制到备忘录
8,1,1,0,0,0,58,1,1678670832.225,1678670849.815,17.59,给我制作一个和参考差不多的页面
8,1,1,1,1454,1,41,1,1678670883.972,1678670901.381,17.409,在矩形里填充海洋图片
8,1,1,2,3594,2,87,1,1678670902.507,1678670963.189,60.682,制作16个直径为16px的圆形，成间隔为8
8,1,1,3,0,0,70,1,1678670970.813,1678670991.495,20.682,把界面里所有文字换成Roboto字体
8,1,1,4,0,0,33,1,1678671005.32,1678671014.851,9.531,把名字换成真名字
8,1,1,5,1053,1,37,1,1678671036.859,1678671048.169,11.31,把图片名字换成其尺寸
6,0,0,0,10425,19,27,1,1678671315.822,1678671368.137,52.315,
6,0,0,1,8179,6,17,1,1678671388.61,1678671426.772,38.162,
6,0,0,2,20592,30,16,1,1678671445.419,1678671512.103,66.684,
6,0,0,3,6597,7,0,0,1678671530.232,1678671541.545,11.313,
6,0,0,3,6330,7,0,1,1678671551.849,1678671573.45,21.601,
6,0,0,4,10713,10,2,1,1678671588.395,1678671614.828,26.433,
6,0,0,5,7615,4,4,1,1678671625.092,1678671648.294,23.202,
6,0,1,0,39870,94,129,1,1678671680.142,1678671907.359,227.217,
6,0,1,1,7919,11,17,1,1678671915.241,1678671950.627,35.386,
6,0,1,2,15074,45,59,1,1678671969.078,1678672121.861,152.783,
6,0,1,3,6053,12,23,1,1678672137.142,1678672173.437,36.295,
6,0,1,4,1753,16,55,1,1678672179.024,1678672231.553,52.529,
6,0,1,5,6973,15,32,1,1678672243.259,1678672296.988,53.729,
6,1,0,0,1773,0,106,0,1678672541.216,1678672590.578,49.362,
6,1,0,0,2092,4,151,1,1678672591.393,1678672667.782,76.389,将这个文件夹中3月8日创建的文件复制到一个新的命名为“旅行照片”的文件夹中
6,1,0,1,1785,0,276,1,1678672677.513,1678672799.045,121.532,将这个文件夹中名字为“分享”的照片使用电子邮件app，命名为“共享照片”发送给fakename@fakemail.com
6,1,0,2,0,0,40,1,1678672808.122,1678672823.677,15.555,将桌面换成山峰壁纸
6,1,0,3,4384,3,132,1,1678672826.348,1678672890.594,64.246,打开safari浏览器和提醒事项，并分屏显示，然后开启“工作”专注模式
6,1,0,4,1469,0,76,1,1678672897.72,1678672936.91,39.19,截全屏并共享到最近的手机
6,1,0,5,0,0,73,1,1678672941.375,1678672976.57,35.195,将日历中的下一个日程的地理位置复制到备忘录
6,1,1,0,1176,0,183,1,1678672994.127,1678673064.429,70.302,在page1中，根据参考制作一份简洁的登录界面，要求有标题、账户输入框、密码输入框、密码输入框和登录按钮
6,1,1,1,1091,0,55,1,1678673072.416,1678673103.713,31.297,在page2的矩形中填充海洋的图片
6,1,1,2,0,0,101,1,1678673109.283,1678673166.215,56.932,在page3中制作一个4*4的圆形矩阵，直径16px，间距8px，颜色为红色
6,1,1,3,0,0,53,1,1678673171.437,1678673192.579,21.142,将page4里的所有文字换成Roboto字体
6,1,1,4,0,0,97,1,1678673198.572,1678673239.056,40.484,把page5里面所有的姓名全部替换成真实的中文姓名
6,1,1,5,2140,1,75,1,1678673246.263,1678673283.362,37.099,把page6中所有的相册图片的图层名改成图层的尺寸
11,0,0,0,4583,7,19,1,1678675713.36,1678675741.926,28.566,
11,0,0,1,8356,14,67,1,1678675782.189,1678675841.275,59.086,
11,0,0,2,27592,45,30,1,1678675866.578,1678675985.394,118.816,
11,0,0,3,12743,15,0,1,1678676005.982,1678676047.388,41.406,
11,0,0,4,18574,10,9,1,1678676061.825,1678676092.281,30.456,
11,0,0,5,9809,22,4,1,1678676104.127,1678676144.789,40.662,
11,0,1,0,41639,122,133,1,1678676186.18,1678676397.448,211.268,
11,0,1,1,21410,19,7,1,1678676411.279,1678676459.334,48.055,
11,0,1,2,6115,15,32,1,1678676474.882,1678676505.076,30.194,
11,0,1,3,3727,12,10,1,1678676512.104,1678676534.191,22.087,
11,0,1,4,2771,18,85,1,1678676556.5,1678676611.088,54.588,
11,0,1,5,10092,16,35,1,1678676623.27,1678676667.082,43.812,
11,1,0,0,1650,3,81,1,1678676879.526,1678676907.332,27.806,将文件夹3月8日的图片复制到新文件夹“旅行照片”
11,1,0,1,1262,1,166,1,1678676913.372,1678676968.666,55.294,将文件夹“分享.jpg”发送给fakename@fakemail.com，标题为共享照片
11,1,0,2,0,0,56,1,1678676982.388,1678676995.286,12.898,将桌面壁纸更换为山峰
11,1,0,3,0,0,83,1,1678677003.362,1678677026.921,23.559,分屏显示safari和提醒事项
11,1,0,4,0,0,44,1,1678677033.816,1678677055.952,22.136,截全屏并发送
11,1,0,5,0,0,65,1,1678677066.244,1678677083.143,16.899,复制下一个日程的位置到备忘录
11,1,1,0,2925,2,48,1,1678677103.627,1678677123.904,20.277,根据参考制作新的登录界面
11,1,1,1,0,0,0,1,1678677134.654,1678677139.263,4.609,
11,1,1,2,1317,0,83,1,1678677163.625,1678677192.714,29.089,制作4*4的圆形矩阵 直径16间距8
11,1,1,3,0,0,32,1,1678677210.944,1678677220.875,9.931,所有文字换成roboto
11,1,1,4,1321,1,42,1,1678677230.296,1678677245.203,14.907,将姓名换成中文姓名
11,1,1,5,3100,3,53,1,1678677253.03,1678677275.434,22.404,将图片名称改成图层尺寸
5,0,0,0,4805,7,13,1,1678677712.765,1678677736.012,23.247,
5,0,0,1,22709,20,42,1,1678677753.219,1678677804.002,50.783,
5,0,0,2,22268,20,7,1,1678677834.007,1678677876.671,42.664,
5,0,0,3,14984,9,2,1,1678677900.156,1678677924.422,24.266,
5,0,0,4,31298,26,10,1,1678677944.59,1678678006.071,61.481,
5,0,0,5,0,0,0,1,1678678043.894,1678678047.821,3.927,
5,0,1,0,55200,132,93,1,1678678152.565,1678678352.721,200.156,
5,0,1,1,27019,18,7,1,1678678366.999,1678678405.076,38.077,
5,0,1,2,11435,23,15,1,1678678431.129,1678678500.302,69.173,
5,0,1,3,6204,13,1,1,1678678511.116,1678678545.391,34.275,
5,0,1,4,5125,19,55,1,1678678557.918,1678678585.855,27.937,
5,0,1,5,10778,19,34,1,1678678603.033,1678678647.952,44.919,
5,1,0,0,3127,6,249,1,1678679159.847,1678679261.726,101.879,新建一个文件夹，命名为“旅行照片”，并且将photo文件里创建日期为3月8日的JPEG图像复制到“旅行照片文件夹中”
5,1,0,1,4667,3,152,1,1678679384.398,1678679465.409,81.011,发送邮件给fakename@fakemail.com，附件图像“分享.jpg”，标题为共享照片
5,1,0,2,0,0,52,1,1678679470.411,1678679491.417,21.006,将含有山峰的照片设为壁纸
5,1,0,3,0,0,75,1,1678679498.265,1678679535.525,37.26,将Safari和提醒事项同时分屏显示，并且开启专注模式
5,1,0,4,0,0,57,1,1678679546.087,1678679577.012,30.925,截屏并且将图片隔空投递
5,1,0,5,2193,0,51,1,1678679587.275,1678679610.5,23.225,将日历中下一个日程内容，复制到备忘录中
5,1,1,0,2167,1,65,1,1678679630.921,1678679660.882,29.961,制作包含标题、账户输入框、密码输入框、登录按钮的登录界面
5,1,1,1,1518,1,58,1,1678679669.258,1678679699.042,29.784,在“海洋照片”里填充包含海洋元素的图片
5,1,1,2,0,0,59,1,1678679714.396,1678679740.338,25.942,制作4*4的圆形矩阵，圆形直径16px，间距8px
5,1,1,3,2644,1,108,1,1678679745.849,1678679781.023,35.174,将“主页”中所有文字替换为“roboto”字体
5,1,1,4,1577,0,93,1,1678679796.178,1678679826.561,30.383,将“姓名”依次替换成“张三”、“张四”等
5,1,1,5,2268,1,78,1,1678679845.719,1678679892.263,46.544,
7,1,0,0,1408,2,116,0,1678683285.663,1678683328.314,42.651,
7,1,0,0,1744,0,137,1,1678683336.254,1678683376.09,39.836,将3月8日创建的图片复制到一个新的文件夹，命名为旅行照片
7,1,0,1,3223,1,260,1,1678683397.804,1678683497.847,100.043,将“分享.jpg”的照片通过电子邮箱,标题为共享照片，发送给fakename@fakemail.com
7,1,0,2,5331,1,89,1,1678683542.27,1678683579.898,37.628,将山峰的壁纸保存并变成桌面壁纸
7,1,0,3,4639,4,92,1,1678683594.003,1678683645.568,51.565,分屏显示safari浏览器和提醒事项，开启工作专注模式
7,1,0,4,1746,0,67,1,1678683657.183,1678683684.548,27.365,截全屏并airdrop共享到最近的手机
7,1,0,5,9446,3,98,1,1678683694.869,1678683743.012,48.143,查看下一个日程的位置并粘贴到备忘录
7,1,1,0,5942,11,174,1,1678683835.106,1678683930.419,95.313,在该页面根据参考制作一份简洁的登录页面，含标题、账户输入框、密码输入框、登录按钮
7,1,1,1,1619,0,73,1,1678683942.389,1678683966.104,23.715,在page2的矩形中填充海洋的图片
7,1,1,2,1574,1,92,1,1678684010.691,1678684045.32,34.629,制作4*4的圆形矩阵，直径16px，间距8px
7,1,1,3,1274,0,71,1,1678684054.017,1678684074.097,20.08,将所有文字换成roboto字体
7,1,1,4,1451,1,89,1,1678684077.882,1678684125.782,47.9,将姓名换成样例的中文姓名
7,1,1,5,5416,3,91,1,1678684129.771,1678684177.285,47.514,将所有相册图片的图层名改为图层的尺寸
7,0,0,0,6100,16,19,1,1678684275.279,1678684324.841,49.562,
7,0,0,1,19291,25,75,1,1678684336.822,1678684422.205,85.383,
7,0,0,2,23145,23,29,1,1678684448.551,1678684529.781,81.23,
7,0,0,3,14507,10,0,1,1678684539.092,1678684573.747,34.655,
7,0,0,4,13141,9,5,1,1678684591.651,1678684627.305,35.654,
7,0,0,5,7115,11,4,1,1678684643.412,1678684669.92,26.508,
7,0,1,0,45475,101,209,1,1678684694.04,1678684939.362,245.322,
7,0,1,1,23282,19,11,1,1678684943.779,1678684996.472,52.693,
7,0,1,2,28938,44,35,1,1678685001.897,1678685135.768,133.871,
7,0,1,3,24972,61,97,1,1678685169.506,1678685282.738,113.232,
7,0,1,4,5654,31,60,1,1678685292.896,1678685336.435,43.539,
7,0,1,5,1728,12,36,1,1678685399.886,1678685439.414,39.528,
10,0,0,0,6023,8,29,0,1678685915.093,1678685947.318,32.225,
10,0,0,0,5078,7,16,1,1678685957.456,1678685988.332,30.876,
10,0,0,1,12162,19,29,1,1678686032.006,1678686072.502,40.496,
10,0,0,2,7544,15,8,1,1678686102.687,1678686131.76,29.073,
10,0,0,3,19897,12,0,1,1678686163.515,1678686201.278,37.763,
10,0,0,4,12101,9,4,0,1678686236.88,1678686269.81,32.93,
10,0,0,4,12398,7,2,1,1678686280.935,1678686306.704,25.769,
10,0,0,5,6011,8,0,0,1678686332.116,1678686351.144,19.028,
10,0,0,5,3659,9,0,1,1678686367.501,1678686380.509,13.008,
10,0,1,0,26456,79,58,1,1678686595.659,1678686708.034,112.375,
10,0,1,1,9717,5,0,0,1678686726.938,1678686741.804,14.866,
10,0,1,1,7828,10,8,1,1678686751.238,1678686773.92,22.682,
10,0,1,2,8608,8,3,0,1678686800.667,1678686830.49,29.823,
10,0,1,2,8471,11,3,0,1678686869.278,1678686892.728,23.45,
10,0,1,2,9247,19,14,0,1678686916.997,1678687005.314,88.317,
10,0,1,2,19628,36,22,1,1678687011.64,1678687096.941,85.301,
10,0,1,3,4816,5,2,0,1678687111.026,1678687138.31,27.284,
10,0,1,3,7008,11,16,1,1678687150.291,1678687179.888,29.597,
10,0,1,4,1758,14,44,1,1678687195.456,1678687218.187,22.731,
10,0,1,5,2351,9,34,1,1678687282.729,1678687307.688,24.959,
10,1,0,0,1163,3,152,1,1678687557.04,1678687604.029,46.989,将photo文件夹中3月8日创建的照片复制到一个新的文件夹中，命名为旅行照片
10,1,0,1,1463,0,123,1,1678687611.519,1678687657.703,46.184,将photo文件夹中名为“分享”的照片发到fakename@fakemail.com，标题为共享照片
10,1,0,2,1316,0,65,1,1678687660.96,1678687681.357,20.397,找一张山的照片设成壁纸
10,1,0,3,3446,0,103,1,1678687727.135,1678687765.452,38.317,分屏打开safari和提醒事项，开启工作专注模式
10,1,0,4,919,0,47,1,1678687772.182,1678687791.863,19.681,截全屏并airdrop到附近手机
10,1,0,5,1467,0,73,1,1678687812.365,1678687833.637,21.272,查看日历中下一个日程的地理位置并复制到备忘录
10,1,1,0,1664,0,115,1,1678687859.236,1678687892.844,33.608,在page1中，根据参考制作一个界面，包含标题、账户输入框、密码输入框和登录按钮
10,1,1,1,3856,0,41,1,1678687900.736,1678687924.774,24.038,在page2的矩形中填充海洋的图片
10,1,1,2,2136,0,94,1,1678687960.087,1678687995.63,35.543,在page3中制作一个4x4的圆形矩形，直径16px，间距8px，颜色随机
10,1,1,3,0,0,50,1,1678688019.803,1678688040.485,20.682,将page4里所有的文字换成roboto字体
10,1,1,4,4388,2,84,1,1678688042.534,1678688073.273,30.739,在page5中替换所有姓名图层为中文姓名
10,1,1,5,3495,3,86,1,1678688078.781,1678688111.847,33.066,将page6中所有相册图片名换成对应的图层尺寸大小
4,0,0,0,9860,14,45,1,1678694130.122,1678694174.749,44.627,
4,0,0,1,16803,15,38,1,1678694211.93,1678694271.784,59.854,
4,0,0,2,23000,39,38,1,1678694300.732,1678694375.073,74.341,
4,0,0,3,9998,9,0,1,1678694425.121,1678694452.346,27.225,
4,0,0,4,8301,6,3,1,1678694544.763,1678694572.598,27.835,
4,0,0,5,7985,12,4,1,1678694586.679,1678694626.044,39.365,
4,0,1,0,77069,148,79,1,1678694663.338,1678694917.582,254.244,
4,0,1,1,29132,29,17,1,1678694937.149,1678695016.179,79.03,
4,0,1,2,11426,20,18,1,1678695124.705,1678695169.529,44.824,
4,0,1,3,63682,116,16,1,1678695174.336,1678695520.122,345.786,
4,0,1,4,6577,31,60,1,1678695537.836,1678695604.675,66.839,
4,0,1,5,5610,31,64,1,1678695621.348,1678695700.756,79.408,
4,1,0,0,1480,3,138,1,1678695986.343,1678696042.76,56.417,将3月8日创建的图片复制到新的文件夹，并且文件夹命名为“旅行照片”
4,1,0,1,961,0,208,1,1678696054.766,1678696166.934,112.168,将文件夹中的名字为“分享.jpg”的照片使用电子邮件APP发送给fakename@fakemail.com，标题为共享照片
4,1,0,2,1826,4,55,1,1678696210.496,1678696234.664,24.168,找到山峰图片，更换为桌面壁纸
4,1,0,3,1384,0,98,1,1678696278.805,1678696322.814,44.009,将Safari浏览器和提醒事项分屏显示，并开启专注模式
4,1,0,4,0,0,51,1,1678696362.067,1678696392.177,30.11,截全屏并共享到最近的手机
4,1,0,5,1476,0,78,1,1678696397.836,1678696430.061,32.225,查看日历中下一个日程的地理位置，将其粘贴到备忘录
4,1,1,0,4543,3,26,1,1678696443.384,1678696465.1,21.716,制作一份登录界面
4,1,1,1,1572,1,41,1,1678696476.163,1678696501.845,25.682,在矩形中填充海洋图片
4,1,1,2,1663,0,139,1,1678696601.136,1678696676.422,75.286,创作一个4✖️4圆形矩阵，具体要求：1.单个圆形直径16px 2.间距8px 3.颜色随机
4,1,1,3,1618,1,46,1,1678696680.983,1678696705.439,24.456,将所有文字字体换为Roboto字体
4,1,1,4,0,0,70,1,1678696712.121,1678696750.879,38.758,将“姓名”图层替换为随机中文名
4,1,1,5,5873,3,52,1,1678696753.956,1678696789.788,35.832,将所有的图片的图层名字改为图层尺寸
2,0,0,0,4118,9,18,1,1678697398.76,1678697427.34,28.58,
2,0,0,1,9402,17,31,1,1678697476.535,1678697534.474,57.939,
2,0,0,2,7280,9,19,1,1678697559.336,1678697586.143,26.807,
2,0,0,3,9642,10,0,1,1678697609.651,1678697656.393,46.742,
2,0,0,4,12657,14,6,1,1678697675.202,1678697710.899,35.697,
2,0,0,5,5549,7,4,1,1678697729.602,1678697753.216,23.614,
2,0,1,0,30496,94,81,1,1678697821.288,1678697956.887,135.599,
2,0,1,1,0,0,0,0,1678698003.976,1678698008.847,4.871,
2,0,1,1,7751,11,23,1,1678698020.478,1678698051.051,30.573,
2,0,1,2,9841,47,35,1,1678698073.719,1678698212.601,138.882,
2,0,1,3,33581,100,77,1,1678698219.629,1678698372.826,153.197,
2,0,1,4,3086,18,66,1,1678698385.211,1678698436.209,50.998,
2,0,1,5,4300,14,35,1,1678698464.729,1678698497.664,32.935,
2,1,0,0,2324,1,140,1,1678698743.039,1678698795.68,52.641,将photo文件夹下3月8日创建的图片复制到一个新的叫旅行照片的文件夹
2,1,0,1,1714,1,211,1,1678698801.692,1678698857.492,55.8,将当前文件夹中命名为“分享.jpg”的图片用电子邮箱APP发送给fakename@fakemail.com
2,1,0,2,0,0,81,1,1678698860.559,1678698884.396,23.837,找一张山峰的壁纸，保存后将其作为桌面壁纸
2,1,0,3,1683,2,108,1,1678698889.86,1678698923.146,33.286,打开Safari浏览器和提醒事项并分屏显示，并开启工作专注模式
2,1,0,4,1567,1,76,1,1678698927.434,1678698950.474,23.04,截全屏并airdrop给最近的手机
2,1,0,5,0,0,28,1,1678698973.858,1678698987.445,13.587,查看日历中下一行程的地址位置，并将其复制到备忘录
2,1,1,0,1928,1,125,1,1678698997.17,1678699033.525,36.355,制作一份简洁的登录界面，其中包含标题、账户输入框以及密码输入框，和登录按钮
2,1,1,1,1550,0,45,1,1678699043.145,1678699064.95,21.805,在矩形框中填充海洋图片
2,1,1,2,1322,0,77,1,1678699075.703,1678699098.78,23.077,制作4x4的圆形矩阵，直径16px，间隔8px
2,1,1,3,3180,2,71,1,1678699101.724,1678699116.987,15.263,将页面里所有文字换成Roboto字体
2,1,1,4,1450,0,54,1,1678699147.063,1678699169.606,22.543,将姓名图层替换为中文姓名
2,1,1,5,0,0,76,1,1678699181.844,1678699202.194,20.35,将页面中图片对应的图层名改为图片的尺寸
3,0,0,0,3185,9,17,1,1678699790.26,1678699811.388,21.128,
3,0,0,1,8791,8,42,1,1678699851.186,1678699891.363,40.177,
3,0,0,2,16582,18,34,1,1678699935.208,1678699991.12,55.912,
3,0,0,3,7339,11,0,1,1678700022.513,1678700049.199,26.686,
3,0,0,4,8662,9,2,1,1678700077.277,1678700100.869,23.592,
3,0,0,5,8191,10,4,1,1678700114.156,1678700150.921,36.765,
3,0,1,0,64886,127,136,1,1678700208.062,1678700459.844,251.782,
3,0,1,1,16545,27,12,1,1678700485.975,1678700534.464,48.489,
3,0,1,2,30910,74,48,1,1678700560.419,1678700720.376,159.957,
3,0,1,3,23416,66,39,1,1678700743.719,1678700863.533,119.814,
3,0,1,4,1925,16,64,1,1678700893.492,1678700924.457,30.965,
3,0,1,5,2635,10,32,1,1678700947.499,1678700984.409,36.91,
3,1,0,0,1446,2,92,1,1678701427.373,1678701484.702,57.329,创建“旅行照片”文件夹，将日期为3月8日的图片复制进去
3,1,0,1,2318,2,12,0,1678701522.722,1678701539.335,16.613,将
3,1,0,1,1813,3,128,1,1678701542.16,1678701609.652,67.492,以标题“共享照片”将“分享.jpg”用邮件发送给fakename@fakemail.com
3,1,0,2,0,0,65,1,1678701620.514,1678701641.291,20.777,找一张山峰图片作为系统壁纸
3,1,0,3,0,0,75,1,1678701663.102,1678701698.513,35.411,把safari和提醒事项分屏打开，系统开启“工作”模式
3,1,0,4,0,0,50,1,1678701714.086,1678701746.963,32.877,截取全屏隔空投送给最近的手机
3,1,0,5,1673,2,60,1,1678701754.887,1678701779.655,24.768,把下一个日程中的地址复制粘贴到备忘录
3,1,1,0,2114,0,87,1,1678701791.91,1678701828.765,36.855,制作一个有标题、账户输入框、密码输入框和登录按钮的登录界面
3,1,1,1,1816,1,35,1,1678701846.396,1678701860.739,14.343,把矩形填充海洋照片
3,1,1,2,1375,3,67,1,1678701871.985,1678701917.966,45.981,制作一个直径为16px的圆形4*4矩阵，间距8px，
3,1,1,3,1672,1,40,1,1678701925.54,1678701942.968,17.428,把所有文字改成“Roboto”字体
3,1,1,4,1946,1,49,1,1678701962.511,1678701983.497,20.986,把“姓名”替换成中文名字
3,1,1,5,3067,7,37,1,1678701994.349,1678702017.109,22.76,所有图层根据其尺寸命名
12,0,0,0,2008,2,0,0,1678763163.838,1678763172.565,8.727,
12,0,0,0,2494,3,14,1,1678763180.221,1678763205.026,24.805,
12,0,0,1,11942,17,26,1,1678763230.658,1678763280.336,49.678,
12,0,0,2,8067,10,0,1,1678763323.475,1678763347.541,24.066,
12,0,0,3,10118,14,0,1,1678763377.265,1678763416.387,39.122,
12,0,0,4,12764,11,2,1,1678763440.841,1678763486.396,45.555,
12,0,0,5,11648,17,4,1,1678763495.948,1678763528.944,32.996,
12,0,1,0,43591,78,58,1,1678763569.212,1678763702.461,133.249,
12,0,1,1,19501,19,0,1,1678763731.142,1678763761.744,30.602,
12,0,1,2,8013,30,39,1,1678763776.128,1678763865.552,89.424,
12,0,1,3,33841,71,10,1,1678763871.774,1678764007.544,135.77,
12,0,1,4,5421,28,82,1,1678764021.962,1678764079.534,57.572,
12,0,1,5,6826,12,34,1,1678764097.186,1678764138.193,41.007,
12,1,0,0,1914,3,140,1,1678764383.692,1678764436.879,53.187,把日期是3月8日的照片放到旅行照片文件夹里
12,1,0,1,1353,0,128,1,1678764447.557,1678764504.376,56.819,把“分享.jpg”邮件发送给fakename@fakemail.com,邮件名是共享照片
12,1,0,2,1560,0,51,1,1678764510.637,1678764522.386,11.749,设置一个山峰的桌面壁纸
12,1,0,3,1568,0,88,1,1678764529.663,1678764567.609,37.946,分屏显示浏览器和提醒事项，开启专注模式
12,1,0,4,0,0,36,1,1678764573.796,1678764585.018,11.222,截屏共享到我的手机
12,1,0,5,1564,0,54,1,1678764589.093,1678764611.18,22.087,把日程里的位置添加到备忘录
12,1,1,0,1806,0,92,1,1678764659.875,1678764687.16,27.285,设计一个登录界面，里面有标题、账户密码输入框以及登录按钮
12,1,1,1,0,0,37,1,1678764695.726,1678764711.802,16.076,在矩形里填充海洋图片
12,1,1,2,0,0,85,1,1678764720.186,1678764748.099,27.913,新建一个直径为16px，间距为8px的4✖️4圆形矩阵
12,1,1,3,1365,1,35,1,1678764751.874,1678764766.337,14.463,把所有文字改为Roboto
12,1,1,4,3271,2,24,1,1678764768.217,1678764779.965,11.748,修改所有姓名
12,1,1,5,3164,2,65,1,1678764785.541,1678764808.036,22.495,将图片的图层名改为对应的尺寸
14,0,0,0,5280,7,13,1,1678764960.483,1678764995.408,34.925,
14,0,0,1,11127,15,0,1,1678765001.85,1678765044.516,42.666,
14,0,0,2,15963,30,7,1,1678765066.713,1678765145.602,78.889,
14,0,0,3,5335,6,0,1,1678765153.245,1678765175.116,21.871,
14,0,0,4,7873,8,2,1,1678765178.16,1678765206.324,28.164,
14,0,0,5,3590,6,4,1,1678765218.722,1678765239.334,20.612,
14,0,1,0,23582,92,76,1,1678765250.361,1678765428.614,178.253,
14,0,1,1,19139,20,7,1,1678765433.271,1678765488.948,55.677,
14,0,1,2,8769,25,21,1,1678765496.095,1678765582.393,86.298,
14,0,1,3,16168,95,96,1,1678765589.374,1678765759.143,169.769,
14,0,1,4,1745,25,37,1,1678765765.162,1678765799.559,34.397,
14,0,1,5,7455,17,32,1,1678765807.447,1678765857.567,50.12,
14,1,0,0,548,0,79,1,1678765903.178,1678765944.403,41.225,将3月8日创建的图片复制到新的“旅行照片”文件夹
14,1,0,1,716,1,167,1,1678765951.499,1678766031.96,80.461,将“分享.jpg”用电子邮件发送给fakename@fakemail.com，邮件标题为共享照片
14,1,0,2,0,0,48,1,1678766064.068,1678766084.245,20.177,将山峰的照片用于桌面壁纸
14,1,0,3,0,0,94,1,1678766088.436,1678766131.133,42.697,分屏显示safari和提醒事项，并开启“工作”专注模式
14,1,0,4,0,0,45,1,1678766161.876,1678766183.195,21.319,截全屏并隔空投送给附近手机
14,1,0,5,0,0,51,1,1678766189.974,1678766215.493,25.519,将日历中下一个日程的地理位置复制到备忘录
14,1,1,0,0,0,87,1,1678766225.625,1678766269.178,43.553,制作一份拥有标题、账户输入框、密码输入框和登录按钮的登录界面
14,1,1,1,0,0,22,1,1678766274.495,1678766287.677,13.182,填充一张海洋的图片
14,1,1,2,1087,0,78,1,1678766293.143,1678766333.802,40.659,制作一个4*4的圆形矩阵，圆形直径为16px，间距为8px
14,1,1,3,0,0,29,1,1678766338.287,1678766355.233,16.946,所有字体换成Roboto
14,1,1,4,0,0,58,1,1678766359.788,1678766386.643,26.855,将姓名图层替换成中文名字
14,1,1,5,1453,1,55,1,1678766391.339,1678766422.197,30.858,用照片图层尺寸命名照片
16,0,0,0,1649,3,0,0,1678781689.708,1678781696.942,7.234,
16,0,0,0,5982,34,34,1,1678781747.467,1678781816.885,69.418,
16,0,0,1,12707,27,22,1,1678781833.173,1678781906.485,73.312,
16,0,0,2,9410,12,19,1,1678781931.093,1678781981.659,50.566,
16,0,0,3,9419,9,1,1,1678782018.386,1678782061.627,43.241,
16,0,0,4,16531,15,9,1,1678782080.051,1678782134.749,54.698,
16,0,0,5,4151,6,4,1,1678782156.443,1678782174.837,18.394,
16,0,1,0,30787,110,111,1,1678782212.459,1678782385.268,172.809,
16,0,1,1,4328,11,14,1,1678782415.88,1678782443.278,27.398,
16,0,1,2,13139,23,20,1,1678782457.977,1678782514.926,56.949,
16,0,1,3,2489,3,17,1,1678782521.283,1678782542.766,21.483,
16,0,1,4,3146,20,44,1,1678782601.467,1678782641.993,40.526,
16,0,1,5,1735,12,39,1,1678782655.407,1678782696.031,40.624,
16,1,0,0,2979,8,201,1,1678783000.641,1678783097.304,96.663,把photo文件夹中3月8号创建的图片另存到一个新的命名为“旅行照片”的文件夹内
16,1,0,1,896,0,214,1,1678783119.513,1678783210.379,90.866,将“photo”文件夹中命名为“分享”的照片用电子邮件发送给fakename@fakename.com并设置其标题为“共享照片”
16,1,0,2,0,0,90,1,1678783229.442,1678783257.218,27.776,用Safari搜索一张山峰的照片并把这张照片设置为桌面壁纸
16,1,0,3,1726,1,126,1,1678783268.915,1678783308.5,39.585,把Safari和提醒事项同时打开并放在屏幕的左右两侧，之后打开“工作”专注模式
16,1,0,4,1604,1,113,1,1678783318.099,1678783360.126,42.027,截屏全部屏幕并把这张照片用airdrop发给最近的手机
16,1,0,5,0,0,156,1,1678783374.24,1678783422.2,47.96,打开日历，找到最近日程的地理位置，并把地理位置的描述文字放在备忘录中
16,1,1,0,2469,1,197,1,1678783448.346,1678783521.355,73.009,根据现有参考在figma的page1旁边重新设计一个包含标题、账户输入框、密码输入和登录按钮的界面，尺寸和参考的一样
16,1,1,1,1580,2,163,1,1678783537.341,1678783584.164,46.823,在figma的page2中创建一个矩形，并在矩形中填充一个网页上下载的任意“海洋”相关的图片
16,1,1,2,1384,1,128,1,1678783596.836,1678783643.812,46.976,此页面中输入4行4列，一共16个的直径16，相互间距为8的圆形，颜色随机
16,1,1,3,2088,2,62,1,1678783646.037,1678783666.981,20.944,把此页面中的所有文字的字体换为Roboto字体
16,1,1,4,1303,1,62,1,1678783673.638,1678783690.943,17.305,把本页中“姓名”随机换为其他中文名字
16,1,1,5,2668,9,131,1,1678783696.19,1678783753.884,57.694,把本页面图片图层的名字改为此图的尺寸，呈现为长X宽
15,0,0,0,8486,13,21,1,1678869437.205,1678869475.873,38.668,
15,0,0,1,11791,17,6,1,1678869516.614,1678869570.886,54.272,
15,0,0,2,15989,14,8,1,1678869595.561,1678869656.392,60.831,
15,0,0,3,9122,10,0,1,1678869683.982,1678869722.498,38.516,
15,0,0,4,13962,12,44,1,1678869760.847,1678869801.563,40.716,
15,0,0,5,9129,7,2,1,1678869821.995,1678869853.012,31.017,
15,0,1,0,47364,134,251,1,1678869896.386,1678870192.118,295.732,
15,0,1,1,24871,45,2,1,1678870202.667,1678870291.366,88.699,
15,0,1,2,8517,23,11,1,1678870321.758,1678870370.409,48.651,
15,0,1,3,41597,120,84,1,1678870410.027,1678870615.116,205.089,
15,0,1,4,8133,30,73,1,1678870637.204,1678870691.123,53.919,
15,0,1,5,7733,17,47,1,1678870707.717,1678870773.582,65.865,
15,1,0,0,1545,1,94,1,1678871038.883,1678871080.565,41.682,将3月8日创建的图片新建为文件夹“旅行照片”
15,1,0,1,1534,1,165,1,1678871099.709,1678871185.649,85.94,将“分享.jpg”以“共享照片”为标题通过电子邮件发送给fakename@fakemail.com
15,1,0,2,4386,1,72,1,1678871211.98,1678871252.699,40.719,选一张山峰的图片设置为桌面壁纸
15,1,0,3,0,0,64,1,1678871264.986,1678871305.776,40.79,将safari和提醒事项分屏后开启专注模式
15,1,0,4,1085,0,56,1,1678871316.391,1678871348.093,31.702,截屏隔空投送给最近的手机
15,1,0,5,2031,0,84,1,1678871358.277,1678871390.185,31.908,将日历中下一个日程的地理位置保存到备忘录
15,1,1,0,2712,2,26,1,1678871412.259,1678871437.27,25.011,制作一个登录界面
15,1,1,1,1952,0,16,1,1678871440.916,1678871463.495,22.579,填充海洋图片
15,1,1,2,2237,5,99,1,1678871474.169,1678871538.044,63.875,建立4x4个直径为16px间隔为8px的圆形矩阵
15,1,1,3,0,0,57,1,1678871561.743,1678871580.605,18.862,将该页面所有文字换成roboto字体
15,1,1,4,0,0,51,1,1678871589.567,1678871608.6,19.033,将姓名图层替换成中文姓名
15,1,1,5,2057,1,64,1,1678871619.492,1678871652.484,32.992,将所有照片的图层名改为图层尺寸
13,0,0,0,5424,13,34,1,1678872107.193,1678872156.754,49.561,
13,0,0,1,6462,8,13,1,1678872182.662,1678872227.62,44.958,
13,0,0,2,8300,17,0,1,1678872251.871,1678872290.901,39.03,
13,0,0,3,7465,9,0,1,1678872315.572,1678872343.295,27.723,
13,0,0,4,8580,11,2,1,1678872361.353,1678872394.162,32.809,
13,0,0,5,10631,13,4,1,1678872405.181,1678872466.565,61.384,
13,0,1,0,25165,54,80,1,1678872493.91,1678872615.083,121.173,
13,0,1,1,13679,23,0,1,1678872631.136,1678872677.781,46.645,
13,0,1,2,20060,62,12,1,1678872698.567,1678872790.876,92.309,
13,0,1,3,17576,74,5,1,1678872798.145,1678872942.314,144.169,
13,0,1,4,1648,16,56,1,1678872984.932,1678873023.657,38.725,
13,0,1,5,5696,25,34,1,1678873033.871,1678873080.777,46.906,
13,1,0,0,2344,2,156,1,1678873330.637,1678873396.176,65.539,将桌面文件夹里面的3月8号创建的图片复制到一个新的文件夹，并且命名为旅行照片
13,1,0,1,885,0,170,1,1678873403.471,1678873459.152,55.681,将文件夹中名字叫分享的照片，用电子邮件app发送给fakename@fakemail.com，标题写为共享照片
13,1,0,2,0,0,98,1,1678873467.958,1678873494.45,26.492,找一张主题为山峰的壁纸，保存后更换为桌面壁纸
13,1,0,3,0,0,104,1,1678873499.599,1678873533.667,34.068,打开safari和提醒事项，然后分屏显示，并且开启工作专注模式
13,1,0,4,653,0,49,1,1678873537.723,1678873561.786,24.063,截全屏然后airdrop到最近的手机
13,1,0,5,0,0,95,1,1678873565.545,1678873592.713,27.168,查看日历中下一个日程的地理位置，并复制粘贴到备忘录
13,1,1,0,0,0,119,1,1678873628.421,1678873668.766,40.345,在page1中，根据参考制作一份一样的登录界面
13,1,1,1,0,0,53,1,1678873676.138,1678873694.749,18.611,在page2中用海洋的图片填充矩形
13,1,1,2,0,0,32,1,1678873701.492,1678873720.172,18.68,在page3中制作一个4
13,1,1,3,3745,3,58,0,1678873726.419,1678873771.492,45.073,将page4里所有的文字换成roboto字体
13,1,1,3,0,0,56,1,1678873776.901,1678873795.605,18.704,将page4里面所有的文字换成roboto字体
13,1,1,4,1472,1,74,1,1678873802.501,1678873836.516,34.015,把姓名图层替换成随机中文名字
13,1,1,5,2797,2,70,1,1678873841.988,1678873863.534,21.546,将所有相册图片的图层名改成图层的尺寸
201,0,0,0,24128,8,18,1,1694928917.897,1694928965.155,47.258,
201,0,0,1,5452,12,87,1,1694929009.656,1694929123.232,113.576,
201,0,0,2,15842,15,10,1,1694929217.376,1694929269.703,52.327,
201,0,0,3,12304,11,0,1,1694929313.994,1694929345.725,31.731,
201,0,0,4,8428,9,2,1,1694929389.765,1694929427.796,38.031,
201,0,0,5,6677,16,4,1,1694929447.981,1694929494.622,46.641,
201,0,1,0,62126,112,90,1,1694929546.807,1694929860.257,313.45,
201,0,1,1,8476,8,2,1,1694930032.37,1694930066.169,33.799,
201,0,1,2,39672,71,29,1,1694930393.202,1694930543.884,150.682,
201,0,1,3,11534,32,0,1,1694930548.01,1694930627.621,79.611,
201,0,1,4,4670,12,30,1,1694930671.479,1694930716.482,45.003,
201,0,1,5,10502,21,40,1,1694930735.882,1694930842.311,106.429,
201,1,0,0,0,0,12,0,1694931217.891,1694931232.947,15.056,
201,1,0,0,2201,3,142,1,1694931251.583,1694931319.167,67.584,将3月8日创建的图片复制到一个新的文件夹，新文件夹命名为旅行照片
201,1,0,1,1366,1,172,1,1694931324.902,1694931412.746,87.844,将文件夹中名字为分享的照片使用电子邮件发送给fakename@fakemail.com,标题为共享照片
201,1,0,2,0,0,69,1,1694931421.467,1694931454.714,33.247,将桌面壁纸换为山峰主题的壁纸
201,1,0,3,5043,1,106,1,1694931469.596,1694931526.022,56.426,打开浏览器和提醒事项，分屏显示，开启工作专注模式
201,1,0,4,0,0,84,1,1694931538.049,1694931579.475,41.426,截全屏并通过airdrop共享到最近的手机
201,1,0,5,1815,1,100,1,1694931587.954,1694931643.444,55.49,查看日历中下一个日程的地理位置并复制粘贴到忘备录
201,1,1,0,1162,1,147,1,1694931661.503,1694931715.898,54.395,制作一份简洁的登录页面，要求包含标题、账户输入框、密码输入框和登录按钮
201,1,1,1,1637,3,132,1,1694931720.033,1694931775.883,55.85,在海洋图片框架中填充海洋图片
201,1,1,2,2496,3,107,1,1694931782.433,1694931840.909,58.476,制作一个4✖️4的圆形矩阵，直径16px，间距8px，颜色随机
201,1,1,3,1851,1,66,1,1694931850.036,1694931888.882,38.846,将page4里所有的文字换成roboto字体
201,1,1,4,1954,1,80,1,1694931989.666,1694932021.326,31.66,在page5中的姓名图层替换成张三、李四
201,1,1,5,2279,2,83,1,1694932027.695,1694932069.61,41.915,将page6中的相册图片的图层名改为图层的尺寸
203,0,0,0,0,0,0,0,1694932381.147,1694932392.72,11.573,
203,0,0,0,18528,22,24,1,1694932441.463,1694932512.02,70.557,
203,0,0,1,11647,17,53,1,1694932547.243,1694932608.685,61.442,
203,0,0,2,29589,27,23,1,1694932641.149,1694932706.851,65.702,
203,0,0,3,31618,19,7,1,1694932743.856,1694932784.912,41.056,
203,0,0,4,18398,16,3,1,1694932794.615,1694932840.832,46.217,
203,0,0,5,11417,16,4,1,1694932858.24,1694932888.035,29.795,
203,0,1,0,59962,148,166,1,1694932922.239,1694933149.484,227.245,
203,0,1,1,46114,33,22,1,1694933185.722,1694933256.185,70.463,
203,0,1,2,9054,19,19,1,1694933265.603,1694933303.537,37.934,
203,0,1,3,8620,10,12,1,1694933307.5,1694933351.02,43.52,
203,0,1,4,7800,12,22,1,1694933412.685,1694933469.274,56.589,
203,0,1,5,16206,18,48,1,1694933487.461,1694933550.582,63.121,
203,1,0,0,6123,12,249,1,1694934494.735,1694934579.103,84.368,在本文件夹中创建一个名为“旅行照片”的文件夹，然后把2023年8月23日创建的照片复制进去
203,1,0,1,5747,5,273,1,1694934590.104,1694934686.047,95.943,找到本文件夹中名为“分享.jpg”的图片，通过电子邮件app发送，收件人为fakename@fakemail.com，邮件主题为“共享照片”
203,1,0,2,10267,3,215,1,1694934688.981,1694934750.712,61.731,在浏览器上搜索一张主题为“山峰”的壁纸，下载该壁纸，将其更换为桌面壁纸
203,1,0,3,7283,7,323,1,1694934754.723,1694934851.493,96.77,分别打开“safari浏览器”和“提醒事项”两个应用，将两个应用界面分屏展示；然后打开专注模式，选择“工作”模式
203,1,0,4,1089,2,116,1,1694934915.801,1694934959.236,43.435,截取电脑全屏，将图片airdrop给附近的手机
203,1,0,5,3069,1,179,1,1694934963.417,1694935019.023,55.606,打开日历，找到今天之后的下一个日程，找到日程的地理位置，复制粘贴到备忘录中
203,1,1,0,2057,1,261,1,1694935055.271,1694935137.175,81.904,在page1页面中，根据“参考”界面制作一份登录界面。要求有标题、账号输入框、密码输入框、登录按钮等。元素完整，风格简洁
203,1,1,1,8050,3,151,1,1694935194.333,1694935250.711,56.378,在page2中找到名为“海洋图片”的frame，填充任意一张主题为“海洋”的图片
203,1,1,2,0,1,157,1,1694935263.78,1694935312.195,48.415,在page3页面制作一个圆形矩阵，要求有4行4列，每个圆形直径为16px，每行、每列间距为8px
203,1,1,3,2215,3,93,0,1694935316.47,1694935355.107,38.637,找到page4页面“主页”frame的所有文字
203,1,1,3,4868,11,118,1,1694935356.23,1694935412.156,55.926,找到page4“主页”中的所有文字，把文字的字体替换为“Roboto”
203,1,1,4,1304,3,182,1,1694935424.026,1694935487.817,63.791,找到page5中所有内容为“姓名”的文字，把文字内容替换成任意中文姓名，例如“王五”
203,1,1,5,4022,10,148,1,1694935560.747,1694935611.109,50.362,找到page6中所有风景图片，将图片的图层名改为图片的尺寸，格式为“长x宽”
204,0,0,0,0,0,0,0,1695006436.65,1695006447.592,10.942,
204,0,0,0,0,0,0,0,1695006487.223,1695006490.222,2.999,
204,0,0,0,17701,9,17,1,1695006515.022,1695006559.779,44.757,
204,0,0,1,8000,9,23,1,1695006591.274,1695006634.725,43.451,
204,0,0,2,18183,43,9,1,1695006663.072,1695006749.639,86.567,
204,0,0,3,24595,29,0,1,1695006772.003,1695006842.645,70.642,
204,0,0,4,9504,11,2,1,1695006863.042,1695006896.471,33.429,
204,0,0,5,4217,7,4,1,1695006921.079,1695006945.81,24.731,
204,0,1,0,39554,117,104,1,1695006998.416,1695007223.509,225.093,
204,0,1,1,1805,2,0,1,1695007292.569,1695007299.609,7.04,
204,0,1,2,5285,16,14,1,1695007302.443,1695007351.353,48.91,
204,0,1,3,7038,14,3,1,1695007355.017,1695007391.649,36.632,
204,0,1,4,2325,25,30,1,1695007395.143,1695007434.03,38.887,
204,0,1,5,4658,23,57,1,1695007441.851,1695007521.914,80.063,
204,1,0,0,910,3,145,1,1695007865.786,1695007926.083,60.297,将photo文件中3月8日创建的图片复制到一个新的文件夹，并将其命名为旅行照片
204,1,0,1,5495,1,48,1,1695008018.457,1695008051.116,32.659,
204,1,0,2,0,0,99,1,1695008054.086,1695008082.658,28.572,寻找一张主题为山峰的壁纸，保存后更换为桌面壁纸
204,1,0,3,5254,5,113,1,1695008085.521,1695008146.245,60.724,打开safari浏览器和提醒事项，并分屏显示，然后开启“工作”专注模式
204,1,0,4,3437,3,91,1,1695008152.596,1695008195.725,43.129,截取全屏幕，并通过airdrop共享到最近的手机
204,1,0,5,3590,2,87,1,1695008198.678,1695008234.724,36.046,查看日历下一个日程的地理位置，并复制粘贴到备忘录
204,1,1,0,2575,1,151,1,1695008254.591,1695008312.338,57.747,请设计一张类似“参考”画布的登录界面，有标题，账户输入框，密码输入框和登录按钮
204,1,1,1,12211,18,83,1,1695008317.062,1695008379.757,62.695,在page2中的海洋图片画布中填充一张海洋的图片
204,1,1,2,2157,1,91,1,1695008384.64,1695008420.787,36.147,在page3中制作一个4×4的圆形矩阵，直径16px，间距8px，颜色随机
204,1,1,3,1178,1,51,1,1695008425.292,1695008445.98,20.688,将page4里所有文字替换为roboto自提
204,1,1,4,0,0,104,1,1695008450.792,1695008487.141,36.349,在page5对姓名图层替换为样例的中文姓名，例如：张三，李四
204,1,1,5,2332,2,95,1,1695008492.468,1695008525.14,32.672,将page6中所有相册图片的图层名修改为图层的尺寸
204,0,0,0,27372,10,21,1,1695022830.575,1695022871.431,40.856,
204,0,0,1,4660,6,24,1,1695022892.321,1695022945.129,52.808,
204,0,0,2,6887,7,11,1,1695022974.189,1695023015.21,41.021,
204,0,0,3,13666,14,0,1,1695023053.233,1695023115.783,62.55,
204,0,0,4,8257,15,2,1,1695023135.731,1695023168.185,32.454,
204,0,0,5,6604,10,4,1,1695023182.432,1695023226.463,44.031,
204,0,1,0,9434,24,44,0,1695023274.196,1695023347.286,73.09,
204,0,1,0,47445,139,158,1,1695023371.557,1695023744.434,372.877,
204,0,1,1,27687,27,15,1,1695023771.849,1695023873.972,102.123,
204,0,1,2,0,0,0,1,1695024039.109,1695024043.585,4.476,
204,0,1,3,8612,47,11,1,1695024055.515,1695024118.675,63.16,
204,0,1,4,1770,19,62,1,1695024126.974,1695024168.119,41.145,
204,0,1,5,1891,10,52,1,1695024198.242,1695024238.487,40.245,
204,1,0,0,3349,4,82,1,1695024538.543,1695024587.359,48.816,将3月8日的照片复制到新创建的“旅行照片”文件夹
204,1,0,1,3428,2,164,1,1695024591.04,1695024677.438,86.398,将分享.jpg邮件发送至fakename@fakemail.com标题为共享照片
204,1,0,2,1498,1,68,1,1695024683.93,1695024705.809,21.879,在浏览器随机找山峰主题作为桌面壁纸
204,1,0,3,791,1,94,1,1695024710.312,1695024744.458,34.146,打开safari浏览器和提醒事项分屏显示，开启工作专注模式
204,1,0,4,0,0,41,1,1695024773.022,1695024796.274,23.252,截屏发送至最近的手机
204,1,0,5,0,0,77,1,1695024800.336,1695024823.066,22.73,将日历中下一个日程地理位置复制到备忘录
204,1,1,0,0,0,0,0,1695024835.283,1695024843.698,8.415,
204,1,1,0,1619,0,122,1,1695024857.107,1695024889.86,32.753,制作登录界面有标题，两个输入框，及登录按钮
204,1,1,1,0,0,65,1,1695024907.819,1695024939.762,31.943,在浏览器中随机找海洋照片填充进画布
204,1,1,2,0,0,64,1,1695024949.18,1695024974.959,25.779,制作4x4圆形矩阵，直接16px，间距8px，颜色随机
204,1,1,3,3415,2,36,1,1695024977.586,1695024997.686,20.1,将字体全换成roboto
204,1,1,4,1598,1,44,1,1695025003.969,1695025020.26,16.291,随机生成中文姓名
204,1,1,5,2637,2,60,1,1695025027.32,1695025059.689,32.369,将所有相册图片的图层改名为其尺寸
206,0,0,0,8284,16,18,1,1695270400.178,1695270437.706,37.528,
206,0,0,1,15237,21,28,1,1695270472.007,1695270553.403,81.396,
206,0,0,2,10058,10,10,1,1695270594.522,1695270626.698,32.176,
206,0,0,3,16392,10,0,1,1695270669.832,1695270702.315,32.483,
206,0,0,4,11204,10,2,1,1695270714.947,1695270748.482,33.535,
206,0,0,5,14688,22,4,1,1695270759.176,1695270817.45,58.274,
206,0,1,0,57344,136,76,1,1695270943.823,1695271196.134,252.311,
206,0,1,1,14444,32,28,1,1695271204.839,1695271284.211,79.372,
206,0,1,2,5777,15,13,1,1695271289.746,1695271342.911,53.165,
206,0,1,3,36996,74,29,1,1695271347.176,1695271476.572,129.396,
206,0,1,4,2329,17,44,1,1695271503.718,1695271532.949,29.231,
206,0,1,5,30836,37,43,1,1695271559.255,1695271855.683,296.428,
206,1,0,0,1114,3,100,1,1695271896.878,1695271949.828,52.95,在桌面新建文件夹命名旅行照片，并把3月8日照片复制进去
206,1,0,1,2057,2,102,1,1695272046.997,1695272103.327,56.33,将“分享.jpg”用电子邮件发给fakename@fakemail.com，标题是共享照片
206,1,0,2,1081,0,49,1,1695272107.619,1695272128.609,20.99,找一张山峰的照片做壁纸
206,1,0,3,0,0,93,1,1695272131.946,1695272168.553,36.607,分屏显示浏览器和提醒事项，开启工作专注模式
206,1,0,4,1836,1,60,1,1695272172.371,1695272217.749,45.378,截全屏隔空投送给最近的手机
206,1,0,5,0,0,81,1,1695272221.944,1695272263.502,41.558,将日历中下一个日程的地理位置复制到备忘录里面
202,0,0,0,0,0,0,0,1695545355.959,1695545368.247,12.288,
202,0,0,0,6984,7,3,1,1695545437.522,1695545473.309,35.787,
202,0,0,1,0,0,0,0,1695545571.21,1695545576.921,5.711,
202,0,0,1,3085,6,1,1,1695545580.013,1695545601.213,21.2,
202,0,0,2,10923,13,0,1,1695545656.198,1695545687.348,31.15,
202,0,0,3,8331,12,0,1,1695545752.866,1695545772.805,19.939,
202,0,0,4,27085,29,3,1,1695545815.356,1695545923.084,107.728,
202,0,0,5,9963,26,3,1,1695545948.192,1695546003.194,55.002,

202,0,0,0,7223,9,3,1,1695546833.559,1695546862.192,28.633,
202,0,0,1,0,0,0,1,1695546896.296,1695546905.272,8.976,
202,0,0,2,12003,17,0,1,1695546915.102,1695546954.0,38.898,
202,0,0,3,10440,9,0,1,1695547003.374,1695547029.973,26.599,
202,0,0,4,8814,11,1,1,1695547033.277,1695547065.697,32.42,
202,0,0,5,4398,10,1,1,1695547073.619,1695547099.003,25.384,
202,0,1,0,60104,110,18,1,1695547112.97,1695547358.392,245.422,
202,0,1,1,11474,22,0,1,1695547421.138,1695547451.897,30.759,
202,0,1,2,18313,33,7,1,1695547469.842,1695547576.091,106.249,
202,0,1,3,4157,59,2,1,1695547584.687,1695547651.346,66.659,
202,0,1,4,2554,24,1,1,1695547708.589,1695547770.029,61.44,
202,0,1,5,49606,111,4,1,1695547786.662,1695547983.482,196.82,
202,1,0,0,3164,2,0,1,1695548145.86,1695548196.65,50.79,把拍摄时间是3月8号的照片新建一个文件夹放进去，文件夹名字叫‘旅行照片’
202,1,0,1,5333,6,18,1,1695548200.933,1695548353.149,152.216,将名字为’‘分享.jpg’‘的照片发邮件给fakename@fakemail.com，邮件主题是‘共享照片’
202,1,0,2,6747,2,1,1,1695548364.072,1695548391.512,27.44,找一张山峰的照片，换做桌面壁纸
202,1,0,3,738,0,4,1,1695548398.475,1695548447.917,49.442,分屏显示safari浏览器和提醒事项，然后开启专注模式
202,1,0,4,1161,3,3,1,1695548450.8,1695548499.744,48.944,截全屏，然后airdrop给最近的手机
202,1,0,5,1584,1,2,1,1695548509.798,1695548542.652,32.854,把下一个日程的目的地复制到备忘录
207,0,0,0,10288,9,2,0,1702368683.11,1702368707.981,24.871,
207,0,0,0,22713,18,30,0,1702368731.549,1702368801.081,69.532,
207,0,0,0,10268,11,22,1,1702368843.519,1702368879.696,36.177,
207,0,0,1,18872,24,35,1,1702368913.323,1702368983.303,69.98,
207,0,0,2,7564,14,0,1,1702369001.073,1702369020.217,19.144,
207,0,0,3,13054,13,0,1,1702369060.127,1702369092.868,32.741,
207,0,0,4,12059,17,2,1,1702369134.006,1702369169.865,35.859,
207,0,0,5,11205,22,6,1,1702369185.977,1702369233.473,47.496,
207,0,1,0,143036,338,188,1,1702369295.515,1702370116.834,821.319,
207,0,1,1,37753,45,11,1,1702370129.152,1702370283.554,154.402,
207,0,1,2,23101,80,44,1,1702370292.322,1702370531.91,239.588,
207,0,1,3,4806,3,0,0,1702370580.822,1702370589.402,8.58,
207,0,1,3,8089,6,3,1,1702370606.174,1702370625.373,19.199,
207,0,1,4,12609,31,52,1,1702370640.253,1702370705.573,65.32,
207,0,1,5,13157,18,40,1,1702370714.999,1702370781.784,66.785,
207,1,0,0,8243,6,119,0,1702371109.405,1702371174.15,64.745,将3月8日的照片复制到新的文件夹，并命名为旅行照片
207,1,0,0,11542,11,5,0,1702371174.899,1702371202.651,27.752,jv
207,1,0,0,7195,7,118,1,1702371204.773,1702371251.069,46.296,将3月8日的照片复制到新的文件夹中，并命名为“旅行照片”
207,1,0,1,4111,3,163,1,1702371259.094,1702371329.199,70.105,将“分享.jpg”的照片使用电子邮件app发送给fakename@fakemail.com,
207,1,0,2,4922,1,147,1,1702371386.333,1702371424.08,37.747,将桌面壁纸替换为一张山峰的照片
207,1,0,3,3631,2,119,1,1702371426.643,1702371477.126,50.483,打开safari浏览器和提醒事项，并分屏显示，并开启“工作”专注模式
207,1,0,4,7111,8,82,1,1702371487.609,1702371527.007,39.398,截全屏并通过airdrop共享到最近的手机
207,1,0,5,6842,6,96,1,1702371529.767,1702371573.072,43.305,将日历中下一个日程的地理位置复制到备忘录
207,1,1,0,6034,3,182,1,1702371608.966,1702371682.884,73.918,在page1中，绘制一份登录界面，要求有标题，账户输入框，密码输入框和登录按钮
207,1,1,1,6106,4,81,1,1702371684.278,1702371716.067,31.789,在page2 的矩形中填充海洋的图片
207,1,1,2,4512,3,129,1,1702371720.301,1702371769.802,49.501,在page3中绘制一个4*4的圆形矩阵，直径为16px，间距为8px，颜色随机
207,1,1,3,6574,4,68,1,1702371772.816,1702371801.949,29.133,将page4中所有文字换成Roboto字体
207,1,1,4,8174,4,128,1,1702371803.663,1702371860.415,56.752,在page5中对“姓名”图层替换成样例的中文姓名，如“张三”等
207,1,1,5,7108,7,118,1,1702371869.157,1702371910.964,41.807,将page6中所有相册图片的图层名改为图层的尺寸
210,0,0,0,4862,2,0,0,1702455761.192,1702455768.873,7.681,
210,0,0,0,3173,2,0,0,1702455794.933,1702455799.215,4.282,
210,0,0,0,12795,11,26,1,1702455923.024,1702455968.973,45.949,
210,0,0,1,15286,20,38,1,1702456018.518,1702456094.324,75.806,
210,0,0,2,15428,17,10,1,1702456141.815,1702456195.624,53.809,
210,0,0,3,13267,18,0,1,1702456246.941,1702456289.513,42.572,
210,0,0,4,36890,14,2,1,1702456350.44,1702456387.821,37.381,
210,0,0,5,11620,17,4,1,1702456424.153,1702456455.535,31.382,
210,0,1,0,42728,85,78,1,1702456619.172,1702456836.754,217.582,
210,0,1,1,23206,22,21,1,1702456870.935,1702456937.431,66.496,
210,0,1,2,16291,27,17,1,1702456995.775,1702457066.457,70.682,
210,0,1,3,25181,57,77,1,1702457093.982,1702457188.339,94.357,
210,0,1,4,7731,15,39,1,1702457215.375,1702457264.388,49.013,
210,0,1,5,9276,25,32,1,1702457321.958,1702457377.378,55.42,
210,1,0,0,7836,6,106,1,1702458097.044,1702458171.895,74.851,把桌面上3月8日的图片复制到新的文件夹里，取名叫旅行照片
210,1,0,1,19550,32,81,0,1702458197.229,1702458287.127,89.898,
210,1,0,1,12853,3,104,1,1702458299.401,1702458377.509,78.108,把分享的照片发送给fakename@fakemail.com，标题是共享照片
210,1,0,2,4529,3,32,1,1702458387.072,1702458403.186,16.114,把壁纸换成山峰
210,1,0,3,3772,3,95,1,1702458415.23,1702458463.372,48.142,分屏显示出safari浏览器和提醒事项，开启工作模式
210,1,0,4,7294,5,33,1,1702458476.816,1702458507.194,30.378,截图发到我手机
210,1,0,5,5738,4,52,1,1702458522.738,1702458555.702,32.964,把下一个日程的位置放到备忘录
210,1,1,0,5807,3,42,1,1702458603.168,1702458638.179,35.011,帮我设计一个登录界面
210,1,1,1,5306,4,24,1,1702458649.372,1702458673.545,24.173,填充海洋的照片
210,1,1,2,6193,4,58,0,1702458773.811,1702458815.28,41.469,用一个16px的圆制作间距为8px的4
210,1,1,2,7328,4,73,1,1702458822.363,1702458871.968,49.605,用16px的圆，制作间距为8px的4x4的圆形矩阵
210,1,1,3,4906,4,38,1,1702458879.356,1702458904.398,25.042,把文字全部换成Roboto字体
210,1,1,4,4971,6,36,1,1702458915.361,1702458936.26,20.899,把名字都换成真名字
210,1,1,5,8509,7,28,1,1702458944.461,1702458970.334,25.873,把图层名换成尺寸
